{"stats":{"minecraft:killed":{"minecraft:pig":5,"iceandfire:pixie":2,"minecraft:cow":2},"minecraft:broken":{"minecraft:leather_boots":1,"minecraft:leather_leggings":1},"minecraft:mined":{"minecraft:crafting_table":2,"gravestone:gravestone":6,"iceandfire:pixie_house_mushroom_brown":1,"minecraft:grass_block":3,"minecraft:light_gray_bed":1,"iceandfire:pixie_house_oak":1,"minecraft:tall_grass":5,"minecraft:cobblestone":5,"minecraft:spruce_leaves":3,"minecraft:large_fern":2,"minecraft:hay_block":2,"minecraft:magma_block":1,"minecraft:coarse_dirt":1,"minecraft:birch_log":19,"minecraft:iron_ore":2,"minecraft:fire":2,"minecraft:ice":5,"minecraft:spruce_log":53,"minecraft:birch_leaves":1,"minecraft:yellow_bed":1,"minecraft:smooth_stone_slab":1,"minecraft:grass":3,"chococraft:gysahl_green":27,"minecraft:oak_log":20,"minecraft:coal_ore":3,"iceandfire:gold_pile":56,"minecraft:deepslate_iron_ore":3,"minecraft:stone":26,"minecraft:cake":1,"minecraft:green_bed":2,"minecraft:fern":1},"minecraft:custom":{"minecraft:mob_kills":9,"minecraft:interact_with_crafting_table":11,"minecraft:eat_cake_slice":1,"minecraft:leave_game":4,"minecraft:time_since_death":37248,"minecraft:sleep_in_bed":1,"minecraft:climb_one_cm":802,"minecraft:time_since_rest":37272,"minecraft:sprint_one_cm":190322,"minecraft:damage_taken":4563,"minecraft:walk_one_cm":155806,"minecraft:drop":5,"minecraft:damage_dealt":1872,"minecraft:swim_one_cm":57143,"minecraft:fly_one_cm":410478,"minecraft:open_chest":25,"minecraft:crouch_one_cm":8313,"minecraft:play_time":88644,"minecraft:sneak_time":5524,"minecraft:deaths":6,"minecraft:walk_under_water_one_cm":17554,"minecraft:boat_one_cm":112450,"minecraft:jump":2820,"minecraft:walk_on_water_one_cm":15887,"minecraft:total_world_time":88644,"minecraft:interact_with_smoker":8,"minecraft:fall_one_cm":86764,"minecraft:horse_one_cm":782964},"minecraft:used":{"minecraft:cooked_mutton":10,"minecraft:stone_sword":60,"minecraft:stone_pickaxe":85,"minecraft:stone_shovel":1,"minecraft:spruce_planks":38,"minecraft:wooden_pickaxe":3,"minecraft:leather_chestplate":1,"minecraft:green_bed":1,"minecraft:leather_boots":1,"minecraft:crafting_table":5,"minecraft:spruce_log":10,"minecraft:apple":3,"minecraft:bread":9,"minecraft:leather_helmet":1,"eternal_tales:starter_kit":1,"minecraft:stone_axe":138,"minecraft:golden_carrot":10,"minecraft:potion":3,"minecraft:beef":9,"minecraft:porkchop":9,"chococraft:gysahl_green":74,"minecraft:oak_boat":1,"alexsmobs:animal_dictionary":3,"minecraft:yellow_bed":1,"minecraft:golden_pickaxe":34},"minecraft:crafted":{"minecraft:oak_planks":80,"minecraft:crafting_table":4,"minecraft:spruce_planks":72,"minecraft:bread":6,"minecraft:cooked_mutton":5,"minecraft:air":0,"minecraft:oak_boat":1,"minecraft:stick":8,"minecraft:stone_pickaxe":1,"minecraft:gold_ingot":55,"minecraft:wheat":18},"minecraft:picked_up":{"minecraft:birch_log":19,"minecraft:crafting_table":2,"chococraft:loverly_gysahl_green":3,"minecraft:coarse_dirt":1,"iceandfire:pixie_house_oak":1,"minecraft:leather":3,"alexsmobs:acacia_blossom":1,"minecraft:acacia_wood":7,"minecraft:oak_log":20,"gravestone:obituary":3,"minecraft:yellow_bed":1,"minecraft:lantern":1,"minecraft:smooth_stone_slab":1,"minecraft:cooked_mutton":5,"minecraft:item_frame":2,"chococraft:gysahl_green":74,"minecraft:apple":1,"chococraft:gold_gysahl":1,"minecraft:wheat_seeds":1,"minecraft:gold_nugget":503,"minecraft:beef":18,"minecraft:birch_sapling":3,"eternal_tales:starter_kit":1,"iceandfire:pixie_dust":1,"minecraft:stick":3,"minecraft:raw_iron":13,"minecraft:torch":3,"iceandfire:pixie_house_mushroom_brown":1,"minecraft:green_bed":2,"minecraft:porkchop":9,"chococraft:gysahl_green_seeds":26,"minecraft:spruce_sapling":3,"minecraft:spruce_log":28,"minecraft:leather_helmet":1,"minecraft:brick_slab":1,"minecraft:light_gray_bed":1,"minecraft:hay_block":4,"minecraft:saddle":1,"minecraft:emerald":1,"minecraft:oak_sapling":5,"minecraft:coal":16,"minecraft:white_wool":2,"minecraft:cobblestone":29},"minecraft:dropped":{"gravestone:obituary":4,"minecraft:spruce_sapling":3}},"DataVersion":3465}