{"stats":{"minecraft:killed_by":{"iceandfire:fire_dragon":1},"minecraft:killed":{"minecraft:pig":1,"minecraft:iron_golem":1,"minecraft:sheep":14,"minecraft:zombie":2,"minecraft:chicken":6,"minecraft:villager":1,"minecraft:cow":13},"minecraft:mined":{"minecraft:spruce_door":1,"minecraft:crafting_table":5,"minecraft:spruce_trapdoor":2,"gravestone:gravestone":1,"minecraft:emerald_ore":1,"minecraft:blast_furnace":2,"minecraft:grass_block":2,"minecraft:light_gray_bed":1,"minecraft:spruce_leaves":5,"eternal_tales:present_green":1,"minecraft:blue_bed":1,"minecraft:spawner":1,"minecraft:hay_block":14,"minecraft:coarse_dirt":1,"minecraft:furnace":3,"minecraft:iron_ore":3,"minecraft:ice":2,"minecraft:spruce_log":45,"eternal_tales:present_pink":2,"minecraft:grass":4,"chococraft:gysahl_green":30,"minecraft:coal_ore":8,"minecraft:oak_log":12,"minecraft:beetroots":10,"minecraft:vine":1,"minecraft:dirt":1,"minecraft:packed_ice":3,"minecraft:stone":48,"minecraft:fern":1},"minecraft:custom":{"minecraft:interact_with_furnace":40,"minecraft:mob_kills":38,"minecraft:interact_with_crafting_table":21,"minecraft:open_barrel":1,"minecraft:leave_game":1,"minecraft:time_since_death":2019,"minecraft:sleep_in_bed":1,"minecraft:climb_one_cm":1546,"minecraft:time_since_rest":2043,"minecraft:sprint_one_cm":258943,"minecraft:damage_taken":1644,"minecraft:walk_one_cm":239263,"minecraft:damage_blocked_by_shield":45,"minecraft:drop":20,"minecraft:damage_dealt":4609,"minecraft:swim_one_cm":59979,"minecraft:fly_one_cm":349921,"minecraft:player_kills":1,"minecraft:open_chest":11,"minecraft:crouch_one_cm":2555,"minecraft:play_time":87733,"minecraft:deaths":3,"minecraft:sneak_time":3337,"minecraft:walk_under_water_one_cm":25457,"minecraft:boat_one_cm":208354,"minecraft:jump":1641,"minecraft:interact_with_blast_furnace":12,"minecraft:walk_on_water_one_cm":15192,"minecraft:interact_with_smoker":4,"minecraft:total_world_time":87733,"minecraft:fall_one_cm":37686},"minecraft:used":{"minecraft:beetroot":7,"minecraft:cooked_mutton":16,"minecraft:stone_sword":4,"minecraft:birch_planks":40,"minecraft:stone_pickaxe":46,"minecraft:shield":1,"minecraft:spruce_planks":35,"minecraft:wooden_pickaxe":2,"iceandfire:pixie_dust":1,"minecraft:crafting_table":6,"minecraft:blast_furnace":1,"minecraft:spruce_boat":1,"minecraft:oak_log":2,"minecraft:black_wool":2,"minecraft:apple":2,"minecraft:iron_axe":65,"minecraft:bread":14,"minecraft:iron_pickaxe":27,"eternal_tales:starter_kit":1,"minecraft:light_gray_wool":1,"minecraft:stone_axe":106,"minecraft:cobblestone":10,"minecraft:furnace":5,"chococraft:gysahl_green":42,"minecraft:cooked_beef":2,"minecraft:light_gray_bed":1},"minecraft:crafted":{"minecraft:cooked_beef":9,"sophisticatedbackpacks:backpack":1,"minecraft:crafting_table":2,"minecraft:spruce_planks":92,"minecraft:iron_helmet":1,"minecraft:cooked_chicken":4,"minecraft:furnace":3,"minecraft:birch_planks":120,"minecraft:bread":41,"minecraft:cooked_mutton":17,"minecraft:air":0,"minecraft:iron_boots":1,"minecraft:shield":1,"minecraft:iron_axe":1,"minecraft:stick":20,"minecraft:iron_ingot":14,"minecraft:stone_pickaxe":2,"minecraft:iron_leggings":1,"minecraft:chest":1,"minecraft:spruce_boat":1,"minecraft:wheat":126},"minecraft:picked_up":{"minecraft:coarse_dirt":1,"minecraft:iron_chestplate":1,"minecraft:crafting_table":5,"chococraft:loverly_gysahl_green":10,"minecraft:leather_chestplate":1,"minecraft:feather":6,"minecraft:chicken":6,"irons_spellbooks:wandering_magician_leggings":1,"minecraft:leather":20,"eternal_tales:glowing_ice":1,"minecraft:oak_log":12,"gravestone:obituary":1,"minecraft:shield":1,"minecraft:blue_bed":1,"minecraft:dirt":3,"minecraft:string":5,"minecraft:cooked_mutton":6,"minecraft:leather_boots":1,"chococraft:gysahl_green":97,"minecraft:beetroot":10,"irons_spellbooks:arcane_essence":3,"minecraft:spruce_planks":1,"minecraft:iron_ingot":11,"minecraft:beef":26,"minecraft:stone_pickaxe":1,"minecraft:poppy":1,"minecraft:iron_pickaxe":1,"minecraft:light_gray_wool":1,"minecraft:spruce_trapdoor":2,"eternal_tales:starter_kit":1,"minecraft:furnace":3,"iceandfire:pixie_dust":1,"minecraft:stick":1,"minecraft:raw_iron":13,"minecraft:porkchop":2,"minecraft:spruce_sapling":9,"chococraft:gysahl_green_seeds":29,"minecraft:blast_furnace":2,"minecraft:spruce_log":45,"minecraft:spruce_door":1,"minecraft:light_gray_bed":1,"minecraft:stone_sword":1,"eternal_tales:fear_textbook":1,"minecraft:beetroot_seeds":20,"minecraft:stone_axe":1,"minecraft:spruce_boat":3,"minecraft:hay_block":14,"minecraft:emerald":1,"minecraft:bread":10,"iceandfire:earplugs":3,"minecraft:oak_sapling":1,"minecraft:black_wool":2,"eternal_tales:chinese_lantern":1,"minecraft:mutton":27,"minecraft:coal":76,"minecraft:white_wool":11,"minecraft:cobblestone":49},"minecraft:dropped":{"chococraft:gysahl_green_seeds":19,"minecraft:stone_pickaxe":1}},"DataVersion":3465}