{"stats":{"minecraft:used":{"minecraft:stone_axe":26,"minecraft:leather_leggings":1,"minecraft:dirt":1,"minecraft:crafting_table":1,"minecraft:stone_shovel":10,"minecraft:stone_pickaxe":11,"minecraft:leather_chestplate":1,"alexsmobs:animal_dictionary":1,"eternal_tales:starter_kit":1,"minecraft:leather_helmet":1,"minecraft:wooden_pickaxe":9,"minecraft:leather_boots":1},"minecraft:picked_up":{"minecraft:stick":2,"minecraft:crafting_table":2,"minecraft:green_bed":1,"minecraft:spruce_sapling":4,"minecraft:spruce_log":22,"minecraft:cobblestone":14,"minecraft:dirt":8,"minecraft:snowball":8,"eternal_tales:starter_kit":1,"eternal_tales:broken_totem_of_rash_decisions":1,"minecraft:furnace":6},"minecraft:mined":{"minecraft:grass_block":3,"minecraft:furnace":6,"minecraft:dirt":5,"minecraft:snow_block":2,"minecraft:stone":14,"minecraft:spruce_log":22,"minecraft:crafting_table":2,"minecraft:green_bed":1},"minecraft:crafted":{"minecraft:stone_pickaxe":1},"minecraft:custom":{"minecraft:time_since_rest":5080,"minecraft:open_chest":5,"minecraft:crouch_one_cm":2844,"minecraft:play_time":5080,"minecraft:sprint_one_cm":6262,"minecraft:damage_taken":30,"minecraft:walk_one_cm":24632,"minecraft:sneak_time":1093,"minecraft:jump":26,"minecraft:time_since_death":5080,"minecraft:total_world_time":5080,"minecraft:interact_with_crafting_table":1,"minecraft:fall_one_cm":566,"minecraft:fly_one_cm":3438}},"DataVersion":3465}