{"stats":{"minecraft:killed_by":{"minecraft:zombie":1},"minecraft:killed":{"eternal_tales:sunflower_spider":1,"minecraft:witch":2,"iceandfire:hippocampus":1,"minecraft:pig":1,"minecraft:sheep":9,"minecraft:zombie":1,"iceandfire:pixie":1,"minecraft:cow":9},"minecraft:custom":{"minecraft:mob_kills":25,"minecraft:interact_with_crafting_table":15,"minecraft:open_barrel":1,"minecraft:damage_dealt_resisted":4,"minecraft:leave_game":1,"minecraft:time_since_death":7332,"minecraft:climb_one_cm":1015,"minecraft:sprint_one_cm":336231,"minecraft:walk_one_cm":313262,"minecraft:damage_blocked_by_shield":465,"minecraft:drop":90,"minecraft:damage_dealt_absorbed":85,"minecraft:play_time":111735,"minecraft:deaths":11,"minecraft:sneak_time":4190,"minecraft:walk_under_water_one_cm":19494,"minecraft:boat_one_cm":440693,"minecraft:jump":1616,"minecraft:walk_on_water_one_cm":18503,"minecraft:total_world_time":111735,"minecraft:interact_with_furnace":14,"minecraft:sleep_in_bed":3,"minecraft:time_since_rest":7411,"minecraft:damage_taken":3635,"minecraft:damage_dealt":4025,"minecraft:swim_one_cm":17747,"minecraft:fly_one_cm":278165,"minecraft:player_kills":2,"minecraft:open_chest":8,"minecraft:crouch_one_cm":5387,"minecraft:interact_with_smoker":12,"minecraft:fall_one_cm":46416},"minecraft:mined":{"minecraft:spruce_planks":1,"gravestone:gravestone":11,"minecraft:grass_block":2,"minecraft:spruce_fence":1,"minecraft:spruce_leaves":5,"minecraft:hay_block":16,"minecraft:furnace":2,"minecraft:iron_ore":1,"minecraft:pumpkin":1,"minecraft:vine":2,"minecraft:stone":24,"minecraft:smoker":1,"minecraft:crafting_table":1,"minecraft:tall_grass":9,"minecraft:cyan_bed":2,"minecraft:blue_bed":1,"minecraft:spruce_log":126,"minecraft:grass":14,"minecraft:coal_ore":10,"minecraft:dirt":4,"minecraft:cobweb":8,"minecraft:fern":2},"minecraft:used":{"minecraft:stone_sword":52,"minecraft:stone_shovel":3,"minecraft:spruce_planks":65,"minecraft:chest":1,"minecraft:shield":25,"minecraft:cooked_chicken":6,"minecraft:iron_chestplate":1,"minecraft:torch":1,"minecraft:dirt":2,"minecraft:spruce_boat":11,"minecraft:iron_axe":62,"minecraft:beef":6,"minecraft:furnace":2,"comforts:sleeping_bag_white":2,"minecraft:cooked_beef":2,"minecraft:leather_leggings":1,"minecraft:stone_pickaxe":20,"useless_sword:gold_iron_alloy_sword":28,"minecraft:leather_chestplate":1,"minecraft:wooden_pickaxe":11,"minecraft:blue_bed":1,"minecraft:leather_boots":1,"minecraft:crafting_table":4,"minecraft:spruce_log":7,"minecraft:oak_log":2,"sophisticatedbackpacks:backpack":2,"minecraft:apple":3,"minecraft:cyan_bed":1,"minecraft:bread":31,"minecraft:iron_pickaxe":9,"eternal_tales:starter_kit":1,"minecraft:leather_helmet":1,"minecraft:stone_axe":135,"minecraft:cobblestone":3,"minecraft:porkchop":1},"minecraft:crafted":{"comforts:sleeping_bag_white":1,"minecraft:cooked_chicken":2,"minecraft:furnace":2,"minecraft:cooked_mutton":10,"minecraft:iron_axe":3,"minecraft:stone_pickaxe":1,"minecraft:chest":2,"minecraft:spruce_boat":1,"minecraft:wheat":144,"minecraft:cooked_beef":2,"sophisticatedbackpacks:backpack":1,"minecraft:crafting_table":3,"minecraft:spruce_planks":196,"iceandfire:earplugs":3,"minecraft:bread":42,"minecraft:air":0,"minecraft:charcoal":6,"minecraft:shield":2,"minecraft:stick":4,"minecraft:torch":24},"minecraft:picked_up":{"chococraft:loverly_gysahl_green":3,"minecraft:iron_chestplate":2,"minecraft:crafting_table":1,"minecraft:leather_leggings":4,"gravestone:obituary":1,"minecraft:shield":1,"minecraft:string":9,"minecraft:iron_axe":2,"eternal_tales:stress_pills":1,"comforts:sleeping_bag_white":2,"minecraft:spruce_planks":1,"minecraft:beef":19,"minecraft:iron_pickaxe":1,"eternal_tales:starter_kit":1,"minecraft:furnace":2,"iceandfire:pixie_dust":1,"minecraft:stick":21,"minecraft:raw_iron":1,"iceandfire:dragonbone":1,"minecraft:torch":29,"minecraft:spruce_fence":1,"sophisticatedbackpacks:backpack":2,"minecraft:porkchop":5,"iceandfire:dragon_skull_ice":1,"eternal_tales:totem_of_eternal_darkness":1,"minecraft:rotten_flesh":3,"minecraft:stone_shovel":1,"minecraft:hay_block":16,"minecraft:carved_pumpkin":1,"iceandfire:earplugs":5,"minecraft:mutton":12,"minecraft:cobblestone":23,"minecraft:white_wool":8,"minecraft:leather_chestplate":1,"minecraft:feather":6,"minecraft:leather":20,"minecraft:smoker":1,"minecraft:acacia_wood":10,"minecraft:gunpowder":2,"eternal_tales:tea_seeds":2,"minecraft:blue_bed":1,"minecraft:dirt":5,"minecraft:leather_boots":3,"minecraft:cooked_mutton":1,"minecraft:kelp":25,"minecraft:wheat_seeds":4,"minecraft:stone_pickaxe":1,"minecraft:glass_bottle":2,"minecraft:sweet_berries":16,"minecraft:pumpkin":4,"minecraft:jungle_planks":1,"iceandfire:shiny_scales":4,"minecraft:spruce_sapling":23,"minecraft:spruce_log":118,"minecraft:cyan_bed":2,"minecraft:spider_eye":2,"minecraft:leather_helmet":2,"eternal_tales:bronze_coin":1,"minecraft:sugar":1,"minecraft:stone_axe":1,"minecraft:spruce_boat":11,"eternal_tales:anthurium":1,"minecraft:emerald":1,"minecraft:black_wool":1,"minecraft:coal":71,"minecraft:sunflower":1},"minecraft:dropped":{"minecraft:bread":12,"minecraft:iron_ingot":1,"minecraft:porkchop":4,"chococraft:loverly_gysahl_green":6,"minecraft:wheat_seeds":1,"minecraft:oak_log":8,"minecraft:feather":6,"minecraft:leather":2,"eternal_tales:anthurium":1,"minecraft:leather_helmet":4,"minecraft:stick":1,"eternal_tales:totem_of_eternal_darkness":2,"gravestone:obituary":11,"minecraft:iron_axe":3,"minecraft:string":5,"minecraft:spruce_sapling":1,"iceandfire:earplugs":6,"minecraft:stone_axe":2,"minecraft:kelp":1,"minecraft:sweet_berries":16,"alexsmobs:animal_dictionary":1,"minecraft:stone_sword":1,"eternal_tales:bronze_coin":1,"minecraft:stone_shovel":2,"minecraft:cooked_mutton":11,"minecraft:leather_chestplate":2,"minecraft:spruce_boat":2,"minecraft:shield":2,"minecraft:iron_chestplate":2,"minecraft:leather_boots":2,"minecraft:leather_leggings":4,"minecraft:wooden_pickaxe":1,"chococraft:gysahl_green":16}},"DataVersion":3465}