{"stats":{"minecraft:killed_by":{"minecraft:player":1},"minecraft:dropped":{"minecraft:leather":5,"chococraft:gysahl_green_seeds":6,"minecraft:jungle_planks":1,"gravestone:obituary":6,"minecraft:iron_pickaxe":2,"minecraft:stone_axe":1,"irons_spellbooks:wandering_magician_leggings":1,"minecraft:carved_pumpkin":1,"minecraft:beef":16,"minecraft:stone_pickaxe":1,"chococraft:gysahl_green":3},"minecraft:custom":{"minecraft:mob_kills":32,"minecraft:interact_with_crafting_table":15,"minecraft:open_barrel":2,"minecraft:leave_game":3,"minecraft:time_since_death":21303,"minecraft:climb_one_cm":2147,"minecraft:sprint_one_cm":304761,"minecraft:walk_one_cm":185951,"minecraft:drop":24,"minecraft:play_noteblock":1,"minecraft:talked_to_villager":3,"minecraft:play_time":114291,"minecraft:deaths":4,"minecraft:sneak_time":11825,"minecraft:walk_under_water_one_cm":22642,"minecraft:boat_one_cm":288922,"minecraft:jump":3005,"minecraft:walk_on_water_one_cm":22547,"minecraft:total_world_time":114291,"minecraft:interact_with_furnace":5,"minecraft:sleep_in_bed":3,"minecraft:time_since_rest":3466,"minecraft:waystone_activated":3,"minecraft:damage_taken":1785,"minecraft:damage_dealt":3872,"minecraft:swim_one_cm":94996,"minecraft:fly_one_cm":713608,"minecraft:open_chest":19,"minecraft:crouch_one_cm":17379,"minecraft:interact_with_smoker":14,"minecraft:fall_one_cm":90404,"minecraft:horse_one_cm":12920},"minecraft:picked_up":{"minecraft:wooden_axe":1,"minecraft:fishing_rod":1,"minecraft:iron_chestplate":1,"minecraft:crafting_table":1,"minecraft:leather_leggings":2,"minecraft:wooden_pickaxe":1,"minecraft:brown_bed":2,"gravestone:obituary":3,"minecraft:shield":1,"iceandfire:frozen_stone":3,"minecraft:string":6,"minecraft:iron_axe":1,"minecraft:spruce_planks":1,"minecraft:beef":68,"minecraft:oak_boat":2,"minecraft:sugar_cane":8,"minecraft:chest":3,"minecraft:spruce_trapdoor":1,"eternal_tales:starter_kit":1,"minecraft:furnace":1,"minecraft:stick":43,"minecraft:raw_iron":16,"minecraft:note_block":1,"sophisticatedbackpacks:backpack":1,"minecraft:porkchop":2,"minecraft:brown_dye":8,"eternal_tales:totem_of_eternal_darkness":1,"minecraft:light_gray_bed":1,"minecraft:carved_pumpkin":2,"minecraft:glow_berries":2,"minecraft:iron_bars":1,"minecraft:cobblestone":46,"minecraft:birch_log":2,"minecraft:salmon":1,"minecraft:jungle_log":29,"minecraft:leather":21,"minecraft:smoker":1,"minecraft:acacia_wood":2,"alexsmobs:cachalot_whale_tooth":1,"minecraft:light_gray_dye":5,"minecraft:oak_log":33,"iceandfire:ectoplasm":1,"minecraft:gunpowder":7,"eternal_tales:tea_seeds":1,"minecraft:dirt":5,"eternal_tales:snow_maker":1,"chococraft:gysahl_green":45,"minecraft:apple":4,"minecraft:wheat_seeds":1,"eternal_tales:fireplace":1,"minecraft:stone_pickaxe":1,"minecraft:oak_planks":13,"minecraft:pumpkin":17,"minecraft:sweet_berries":33,"minecraft:spruce_sapling":4,"chococraft:gysahl_green_seeds":16,"minecraft:spruce_log":37,"minecraft:lily_of_the_valley":3,"minecraft:spider_eye":2,"minecraft:leather_helmet":2,"eternal_tales:bronze_coin":2,"minecraft:pumpkin_seeds":8,"minecraft:clay":3,"minecraft:stone_axe":1,"minecraft:spruce_boat":2,"waystones:waystone":3,"minecraft:terracotta":28,"minecraft:jack_o_lantern":1,"minecraft:oak_sapling":3,"minecraft:coal":138,"eternal_tales:mandarin_orange_fruit":1},"minecraft:crafted":{"irons_spellbooks:wandering_magician_helmet":1,"minecraft:oak_planks":144,"irons_spellbooks:wandering_magician_leggings":2,"minecraft:furnace":2,"minecraft:stone_pickaxe":1,"minecraft:chest":1,"minecraft:spruce_boat":2,"minecraft:smoker":1,"minecraft:cooked_beef":15,"sophisticatedbackpacks:backpack":1,"minecraft:cooked_porkchop":2,"minecraft:crafting_table":6,"minecraft:spruce_planks":136,"iceandfire:earplugs":2,"minecraft:air":0,"minecraft:jungle_planks":4,"minecraft:light_gray_bed":2,"minecraft:oak_boat":2,"minecraft:spruce_trapdoor":2,"irons_spellbooks:wandering_magician_chestplate":1,"minecraft:stick":8,"minecraft:iron_ingot":9,"minecraft:torch":36,"minecraft:shears":1},"minecraft:used":{"minecraft:stone_sword":50,"minecraft:carved_pumpkin":1,"minecraft:spruce_planks":54,"minecraft:iron_chestplate":1,"minecraft:torch":4,"minecraft:dirt":1,"minecraft:jungle_planks":1,"minecraft:spruce_boat":3,"minecraft:iron_axe":93,"iceandfire:earplugs":2,"minecraft:golden_carrot":10,"minecraft:beef":8,"minecraft:sweet_berries":10,"minecraft:furnace":1,"minecraft:cooked_beef":5,"minecraft:pumpkin":2,"minecraft:light_gray_bed":2,"minecraft:leather_leggings":3,"minecraft:oak_planks":98,"minecraft:stone_pickaxe":25,"minecraft:wooden_pickaxe":4,"minecraft:leather_chestplate":2,"minecraft:leather_boots":1,"minecraft:glow_berries":5,"minecraft:crafting_table":6,"minecraft:shears":2,"minecraft:smoker":2,"waystones:waystone":2,"eternal_tales:mandarin_orange_fruit":1,"minecraft:apple":2,"minecraft:bread":10,"minecraft:iron_pickaxe":51,"minecraft:leather_helmet":1,"eternal_tales:starter_kit":1,"minecraft:spruce_trapdoor":2,"minecraft:spruce_sapling":1,"minecraft:stone_axe":66,"minecraft:cooked_porkchop":2,"chococraft:gysahl_green":39,"minecraft:oak_boat":4},"minecraft:killed":{"eternal_tales:sunflower_spider":1,"minecraft:witch":1,"minecraft:pig":2,"iceandfire:cyclops":1,"iceandfire:ghost":1,"minecraft:cow":26},"minecraft:mined":{"minecraft:spruce_planks":1,"minecraft:jack_o_lantern":1,"minecraft:carved_pumpkin":2,"minecraft:spruce_trapdoor":1,"gravestone:gravestone":3,"iceandfire:frozen_stone":3,"minecraft:grass_block":5,"minecraft:light_gray_bed":1,"minecraft:spruce_leaves":8,"minecraft:furnace":1,"minecraft:iron_ore":6,"eternal_tales:present_pink":3,"minecraft:pumpkin":17,"minecraft:brown_bed":2,"chococraft:gysahl_green":18,"minecraft:vine":2,"minecraft:iron_bars":1,"minecraft:stone":47,"sophisticatedbackpacks:backpack":1,"minecraft:glass_pane":2,"minecraft:smoker":1,"minecraft:crafting_table":1,"iceandfire:dragon_ice_spikes":1,"minecraft:note_block":1,"minecraft:chest":3,"minecraft:tall_grass":7,"minecraft:sugar_cane":3,"minecraft:oak_planks":13,"minecraft:sweet_berry_bush":9,"minecraft:spruce_log":34,"minecraft:grass":4,"minecraft:oak_log":38,"minecraft:coal_ore":15,"eternal_tales:present_red":1,"minecraft:dirt":1,"minecraft:fern":1}},"DataVersion":3465}