{"stats":{"minecraft:killed":{"enemyexpansion:sprinter":1,"minecraft:skeleton":1,"minecraft:zombie":1,"eternal_tales:spirit":1,"chococraft:chocobo":1,"minecraft:cow":7},"minecraft:killed_by":{"minecraft:player":2},"minecraft:broken":{"minecraft:stone_axe":1},"minecraft:mined":{"iceandfire:silver_ore":6,"minecraft:lily_of_the_valley":1,"eternal_tales:paeonia_et":1,"minecraft:clay":1,"minecraft:crafting_table":6,"gravestone:gravestone":15,"minecraft:grass_block":2,"minecraft:chest":1,"minecraft:tall_grass":10,"minecraft:deepslate_coal_ore":2,"minecraft:spruce_leaves":10,"minecraft:moss_block":3,"minecraft:hay_block":4,"minecraft:furnace":2,"minecraft:iron_ore":3,"minecraft:sweet_berry_bush":1,"minecraft:spruce_log":82,"iceandfire:chared_gravel":1,"minecraft:moss_carpet":1,"minecraft:grass":14,"chococraft:gysahl_green":7,"minecraft:bookshelf":2,"minecraft:oak_log":45,"minecraft:coal_ore":5,"minecraft:cave_vines":1,"minecraft:deepslate_iron_ore":1,"eternal_tales:chlorine_ore":4,"minecraft:azalea":1,"minecraft:stone":54,"sophisticatedbackpacks:backpack":1,"minecraft:fern":2,"minecraft:orange_bed":13},"minecraft:custom":{"minecraft:interact_with_furnace":8,"minecraft:mob_kills":12,"minecraft:interact_with_crafting_table":24,"minecraft:open_barrel":2,"minecraft:leave_game":1,"minecraft:time_since_death":332,"minecraft:sleep_in_bed":9,"minecraft:climb_one_cm":5223,"minecraft:time_since_rest":362,"minecraft:sprint_one_cm":208869,"minecraft:damage_taken":4558,"minecraft:walk_one_cm":227760,"minecraft:drop":13,"minecraft:damage_dealt":2403,"minecraft:talked_to_villager":2,"minecraft:fly_one_cm":344081,"minecraft:open_chest":26,"minecraft:crouch_one_cm":2285,"minecraft:play_time":98314,"minecraft:deaths":22,"minecraft:sneak_time":3670,"minecraft:walk_under_water_one_cm":27530,"minecraft:jump":1830,"minecraft:walk_on_water_one_cm":27359,"minecraft:total_world_time":98314,"minecraft:fall_one_cm":57053},"minecraft:used":{"minecraft:moss_block":1,"minecraft:moss_carpet":1,"minecraft:leather_leggings":1,"minecraft:stone_sword":35,"minecraft:stone_pickaxe":73,"minecraft:oak_planks":1,"minecraft:spruce_planks":5,"minecraft:wooden_pickaxe":6,"minecraft:leather_chestplate":2,"minecraft:iron_sword":59,"minecraft:leather_boots":1,"minecraft:orange_bed":14,"minecraft:torch":12,"minecraft:dirt":1,"iceandfire:pixie_dust":2,"minecraft:crafting_table":7,"minecraft:chainmail_chestplate":1,"minecraft:crossbow":2,"minecraft:spruce_log":1,"sophisticatedbackpacks:backpack":1,"minecraft:apple":4,"minecraft:iron_axe":25,"minecraft:bread":13,"minecraft:leather_helmet":1,"eternal_tales:starter_kit":1,"iceandfire:earplugs":1,"minecraft:stone_axe":146,"minecraft:bow":1,"minecraft:cobblestone":39,"minecraft:beef":10,"minecraft:sweet_berries":37,"minecraft:chainmail_boots":1,"minecraft:furnace":2,"minecraft:cooked_beef":1},"minecraft:crafted":{"minecraft:cooked_beef":1,"minecraft:oak_planks":4,"sophisticatedbackpacks:backpack":1,"minecraft:crafting_table":2,"minecraft:spruce_planks":20,"minecraft:iron_sword":2,"minecraft:furnace":1,"eternal_tales:gold_ring":1,"iceandfire:earplugs":1,"minecraft:bread":12,"minecraft:shield":1,"minecraft:iron_axe":1,"minecraft:iron_ingot":9,"minecraft:iron_pickaxe":1,"minecraft:stone_pickaxe":1,"minecraft:torch":36,"eternal_tales:totem_of_death":1,"minecraft:wheat":36},"minecraft:picked_up":{"chococraft:loverly_gysahl_green":1,"minecraft:crafting_table":6,"minecraft:wheat":2,"minecraft:leather":9,"minecraft:enchanted_book":1,"minecraft:oak_log":38,"gravestone:obituary":4,"minecraft:dirt":16,"minecraft:moss_carpet":2,"eternal_tales:stress_pills":1,"chococraft:chocobo_feather":3,"minecraft:bone":4,"chococraft:gysahl_green":17,"minecraft:apple":1,"minecraft:wheat_seeds":7,"minecraft:gold_nugget":76,"minecraft:iron_ingot":1,"eternal_tales:paeonia_et":1,"minecraft:beef":13,"minecraft:azalea":1,"eternal_tales:gold_ring":2,"minecraft:moss_block":3,"minecraft:chest":1,"minecraft:oak_planks":3,"eternal_tales:starter_kit":1,"minecraft:furnace":2,"minecraft:book":6,"iceandfire:pixie_dust":6,"minecraft:stick":31,"minecraft:raw_iron":18,"minecraft:sweet_berries":34,"iceandfire:ash":3,"sophisticatedbackpacks:backpack":1,"eternal_tales:brown_clay_ball":4,"chococraft:gysahl_green_seeds":7,"minecraft:spruce_sapling":27,"minecraft:spruce_log":95,"minecraft:lily_of_the_valley":1,"minecraft:dark_oak_log":1,"eternal_tales:bronze_coin":2,"minecraft:orange_bed":14,"minecraft:arrow":2,"minecraft:rotten_flesh":2,"eternal_tales:ectoplasm":3,"minecraft:hay_block":4,"chococraft:chocobo_drumstick_raw":1,"iceandfire:chared_gravel":1,"minecraft:oak_sapling":18,"eternal_tales:raw_chlorine":5,"minecraft:coal":52,"iceandfire:raw_silver":6,"minecraft:cobblestone":52},"minecraft:dropped":{"minecraft:enchanted_book":1,"minecraft:iron_ingot":5,"eternal_tales:gold_ring":2,"iceandfire:pixie_dust":1,"gravestone:obituary":8}},"DataVersion":3465}